<?xml version="1.0" encoding="UTF-8"?>
<Document>
    <!-- replace the contents in the brackets, erase the brackets themselves-->
    <Title>Alm Lab Member: Mathieu Groussin</Title> 

    <contentPane>
    <h3>Scott Olesen</h3>
        <div id="member">
        <img class="floatRight" src="img/groussin2.jpg" width="200" alt="groussin_2"/> <!--must store the image file in img folder-->
        <h4>Research interests</h4>
Broadly speaking, I am interested in the inference of biological properties of ancient prokaryotic life and in how bacterial and archaeal communities evolve. My main interests focus on the study of genetic data (DNA, proteins) to understand the main evolutionary processes shaping their characteristics over evolutionary time, as well as driving the evolution of organisms. Most of my previous and current research interests include:
        <ul class="square">
        <li>Development of (non-homogeneous) substitution models</li>
        <li>Molecular clock models and inference of species divergence times</li>
        <li>Phylogenetic inference of early conditions of Life</li>
        <li>Molecular adaptation to hot/cold environmental temperatures in Prokaryotes</li>
        <li>Ancestral sequence reconstruction and protein resurrection</li>
        <li>Ancestral genome reconstruction</li>
        <li>Evolutionary genomics</li>
        <li>Evolution and ecology of microbial communities</li>
        <li>Gut microbiota and its impact on host biology</li> 
        </ul>
        
    <p/>
	   <h4>Current projects</h4>
My current research focuses on the evolution of gut microbiota in Vertebrates. My projects include: the development of evolutionary models aiming at capturing the evolutionary processes driving gut microbial composition over time; investigating the temporal dynamics of gut microbiota evolution; predicting diet from gut microbial composition; characterizing the intimate relationship between the host (immunity) and gut microbes after birth and during evolution.
	<p/>
        
        <img class="floatLeft" src="img/groussin3.jpg" width="200" alt="groussin_3"/>
        <p/>
      
    </div>
    </contentPane>
    
    <rightPane>
        <br/>
        <div id="memberDir">

        <h4>Mathieu Groussin</h4>
        Postdoctoral Associate<br/>
        mgroussi at mit dot edu<br/>
        <p/>

        <h4>Education</h4>
        <ul>
        <li>Ph.D., Evolutionary biology and molecular phylogenetics, University of Lyon 1,  <a href="http://lbbe.univ-lyon1.fr/?lang=en">Biometrie and Evolutionary Biology Laboratory</a>. 2013.</li>
        <li>B.S., Biosciences, <a href="http://biologie.ens-lyon.fr/masterbiosciences/accueil?set_language=en&cl=en">Ecole Normale Superieure of Lyon</a>. 2010.</li>
        </ul>
        <p/>
        <img class="floatRight" src="img/groussin4.jpg" width="200" alt="groussin_4"/>


        </div>
    
    </rightPane>
    <midPane>
        
    </midPane>
    <footer>
        <hr />
        <!--Evolutionary, Ecological and Environmental Systems Biology-->
        <img src="img/bar1.png" alt="bar1"/>
    </footer>
</Document>
